﻿{"cameraMode":{"drawMode":0,"name":"Shaded","section":"Shading Mode"},"sceneLighting":true,"audioPlay":false,"sceneViewState":{"showFog":true,"showMaterialUpdate":false,"showSkybox":true,"showFlares":true,"showImageEffects":true,"showParticleSystems":true},"in2DMode":false,"pivot":{"x":-12.500892639160157,"y":-0.6827917098999023,"z":1.660049557685852},"rotation":{"x":-0.3026549518108368,"y":0.3299378752708435,"z":-0.11257650703191757,"w":-0.8870494365692139},"size":48.41769790649414,"orthographic":false}