﻿{"cameraMode":{"drawMode":0,"name":"Shaded","section":"Shading Mode"},"sceneLighting":false,"audioPlay":false,"sceneViewState":{"showFog":true,"showMaterialUpdate":false,"showSkybox":false,"showFlares":true,"showImageEffects":true,"showParticleSystems":true},"in2DMode":false,"pivot":{"x":5.301092147827148,"y":12.193344116210938,"z":6.127810001373291},"rotation":{"x":-0.15066419541835786,"y":-0.7224156856536865,"z":0.1661023646593094,"w":-0.6541572213172913},"size":4.001038551330566,"orthographic":false}