﻿{"cameraMode":{"drawMode":0,"name":"Shaded","section":"Shading Mode"},"sceneLighting":false,"audioPlay":false,"sceneViewState":{"showFog":true,"showMaterialUpdate":false,"showSkybox":false,"showFlares":true,"showImageEffects":true,"showParticleSystems":true},"in2DMode":false,"pivot":{"x":183.1830291748047,"y":22.357513427734376,"z":125.75650024414063},"rotation":{"x":0.2117043137550354,"y":-0.6596823334693909,"z":0.2019122838973999,"w":0.6923344135284424},"size":22.59629249572754,"orthographic":false}