﻿{"cameraMode":{"drawMode":0,"name":"Shaded","section":"Shading Mode"},"sceneLighting":false,"audioPlay":false,"sceneViewState":{"showFog":true,"showMaterialUpdate":false,"showSkybox":false,"showFlares":true,"showImageEffects":true,"showParticleSystems":true},"in2DMode":false,"pivot":{"x":0.23030498623847962,"y":0.9390634894371033,"z":0.036505818367004397},"rotation":{"x":-0.19407740235328675,"y":0.5678021907806397,"z":-0.13992328941822053,"w":-0.7876584529876709},"size":5.914408206939697,"orthographic":false}