﻿{"cameraMode":{"drawMode":0,"name":"Shaded","section":"Shading Mode"},"sceneLighting":true,"audioPlay":false,"sceneViewState":{"showFog":true,"showMaterialUpdate":false,"showSkybox":true,"showFlares":true,"showImageEffects":true,"showParticleSystems":true},"in2DMode":false,"pivot":{"x":-6.420214653015137,"y":63.320735931396487,"z":-71.3526611328125},"rotation":{"x":-0.0003615228633861989,"y":-0.9890798330307007,"z":0.0013420605100691319,"w":-0.1477036327123642},"size":387.413818359375,"orthographic":false}