﻿{"cameraMode":{"drawMode":0,"name":"Shaded","section":"Shading Mode"},"sceneLighting":false,"audioPlay":false,"sceneViewState":{"showFog":true,"showMaterialUpdate":false,"showSkybox":false,"showFlares":true,"showImageEffects":true,"showParticleSystems":true},"in2DMode":false,"pivot":{"x":-16.528718948364259,"y":69.01423645019531,"z":-14.049577713012696},"rotation":{"x":-0.08669526129961014,"y":0.8504014611244202,"z":-0.1482548862695694,"w":-0.4973490536212921},"size":22.0,"orthographic":false}