﻿{"cameraMode":{"drawMode":0,"name":"Shaded","section":"Shading Mode"},"sceneLighting":true,"audioPlay":false,"sceneViewState":{"showFog":true,"showMaterialUpdate":false,"showSkybox":true,"showFlares":true,"showImageEffects":true,"showParticleSystems":true},"in2DMode":false,"pivot":{"x":-1.1536293029785157,"y":9.175106048583985,"z":-14.313177108764649},"rotation":{"x":-0.17133168876171113,"y":-0.08353853970766068,"z":0.014582497999072075,"w":-0.981564462184906},"size":12.787176132202149,"orthographic":false}